{
  "music.creative": {
	  "replace": true,
    "sounds": [
      {
        "name": "music.game",
        "type": "event"
      },
      {
        "name": "music/game/creative/creative4",
        "stream": true
      },
      {
        "name": "music/game/creative/creative1",
        "stream": true
      },
      {
        "name": "music/game/creative/creative2",
        "stream": true
      },
      {
        "name": "music/game/creative/creative5",
        "stream": true
      },
      {
        "name": "music/game/creative/creative3",
        "stream": true
      },
      {
        "name": "music/game/creative/creative6",
        "stream": true
      }
    ]
  },
  "music.credits": {
    "replace": true,
    "sounds": [
      {
        "name": "music/game/end/credits",
        "stream": true
      }
    ]
  },
  "music.dragon": {
    "replace": true,
    "sounds": [
      {
        "name": "music/game/end/boss",
        "stream": true
      }
    ]
  },
  "music.end": {
    "replace": true,
    "sounds": [
      {
        "name": "music/game/end/end",
        "stream": true
      }
    ]
  },
  "music.game": {
    "replace": true,
    "sounds": [
      {
        "name": "music/game/a_familiar_room",
        "stream": true,
        "volume": 0.4
      },
      {
        "name": "music/game/calm2",
        "stream": true
      },
      {
        "name": "music/game/comforting_memories",
        "stream": true,
        "volume": 0.4
      },
      {
        "name": "music/game/hal4",
        "stream": true
      },
      {
        "name": "music/game/piano1",
        "stream": true
      },
      {
        "name": "music/game/featherfall",
        "stream": true,
        "volume": 0.4
      },
      {
        "name": "music/game/floating_dream",
        "stream": true,
        "volume": 0.4
      },
      {
        "name": "music/game/hal3",
        "stream": true
      },
      {
        "name": "music/game/nuance1",
        "stream": true
      },
      {
        "name": "music/game/komorebi",
        "stream": true,
        "volume": 0.8
      },
      {
        "name": "music/game/left_to_bloom",
        "stream": true,
        "volume": 0.4
      },
      {
        "name": "music/game/hal2",
        "stream": true
      },
      {
        "name": "music/game/piano3",
        "stream": true
      },
      {
        "name": "music/game/calm1",
        "stream": true
      },
      {
        "name": "music/game/one_more_day",
        "stream": true,
        "volume": 0.4
      },
      {
        "name": "music/game/nuance2",
        "stream": true
      },
      {
        "name": "music/game/puzzlebox",
        "stream": true,
        "volume": 0.4
      },
      {
        "name": "music/game/hal1",
        "stream": true
      },
      {
        "name": "music/game/calm3",
        "stream": true
      },
      {
        "name": "music/game/watcher",
        "stream": true,
        "volume": 0.4
      },
      {
        "name": "music/game/piano2",
        "stream": true
      },
      {
        "name": "music/game/yakusoku",
        "stream": true,
        "volume": 0.8
      },

      {
        "name": "music/game/custom/equinoxe",
        "stream": true,
        "volume": 0.8
      },

      {
        "name": "music/game/creative/creative4",
        "stream": true,
        "volume": 0.8
      },
      {
        "name": "music/game/creative/creative1",
        "stream": true,
        "volume": 0.8
      },
      {
        "name": "music/game/creative/creative2",
        "stream": true,
        "volume": 0.8
      },
      {
        "name": "music/game/creative/creative5",
        "stream": true,
        "volume": 0.8
      },
      {
        "name": "music/game/creative/creative3",
        "stream": true,
        "volume": 0.8
      },
      {
        "name": "music/game/creative/creative6",
        "stream": true,
        "volume": 0.8
      },
      
      {
        "name": "music.menu",
        "type": "event"
      }
    ]
  },
  "music.menu": {
    "replace": true,
    "sounds": [
      {
        "name": "music/menu/menu3",
        "stream": true
      },
      {
        "name": "music/menu/menu4",
        "stream": true
      },
      {
        "name": "music/menu/menu2",
        "stream": true
      },
      {
        "name": "music/menu/menu1",
        "stream": true
      },

      {
        "name": "music/game/hal1",
        "stream": true
      },
      {
        "name": "music/game/custom/moog_city",
        "stream": true
      }
    ]
  },
  "music.nether.basalt_deltas": {
    "replace": true,
    "sounds": [
      {
        "name": "music/game/nether/nether4",
        "stream": true
      },
      {
        "name": "music/game/nether/nether1",
        "stream": true
      },
      {
        "name": "music/game/nether/nether2",
        "stream": true
      },
      {
        "name": "music/game/nether/soulsand_valley/so_below",
        "stream": true,
        "volume": 0.5,
        "weight": 3
      },
      {
        "name": "music/game/nether/nether3",
        "stream": true
      }
    ]
  },
  "music.nether.crimson_forest": {
    "replace": true,
    "sounds": [
      {
        "name": "music/game/nether/nether4",
        "stream": true
      },
      {
        "name": "music/game/nether/nether1",
        "stream": true
      },
      {
        "name": "music/game/nether/crimson_forest/chrysopoeia",
        "stream": true,
        "volume": 0.5,
        "weight": 3
      },
      {
        "name": "music/game/nether/nether2",
        "stream": true
      },
      {
        "name": "music/game/nether/nether3",
        "stream": true
      }
    ]
  },
  "music.nether.nether_wastes": {
    "replace": true,
    "sounds": [
      {
        "name": "music/game/nether/nether4",
        "stream": true
      },
      {
        "name": "music/game/nether/nether1",
        "stream": true
      },
      {
        "name": "music/game/nether/nether2",
        "stream": true
      },
      {
        "name": "music/game/nether/nether_wastes/rubedo",
        "stream": true,
        "volume": 0.5,
        "weight": 3
      },
      {
        "name": "music/game/nether/nether3",
        "stream": true
      }
    ]
  },
  "music.nether.soul_sand_valley": {
    "replace": true,
    "sounds": [
      {
        "name": "music/game/nether/nether4",
        "stream": true
      },
      {
        "name": "music/game/nether/nether1",
        "stream": true
      },
      {
        "name": "music/game/nether/nether2",
        "stream": true
      },
      {
        "name": "music/game/nether/soulsand_valley/so_below",
        "stream": true,
        "volume": 0.5,
        "weight": 3
      },
      {
        "name": "music/game/nether/nether3",
        "stream": true
      }
    ]
  },
  "music.nether.warped_forest": {
    "replace": true,
    "sounds": []
  },
  "music.overworld.badlands": {
    "replace": true,
    "sounds": [
      {
        "name": "music/game/crescent_dunes",
        "stream": true,
        "volume": 0.4,
        "weight": 3
      },
      {
        "name": "music/game/hal4",
        "stream": true
      },
      {
        "name": "music/game/piano1",
        "stream": true
      },
      {
        "name": "music/game/echo_in_the_wind",
        "stream": true,
        "volume": 0.4,
        "weight": 3
      },
      {
        "name": "music/game/featherfall",
        "stream": true,
        "volume": 0.4
      },
      {
        "name": "music/game/hal3",
        "stream": true
      },
      {
        "name": "music/game/nuance1",
        "stream": true
      },
      {
        "name": "music/game/hal2",
        "stream": true
      },
      {
        "name": "music/game/piano3",
        "stream": true
      },
      {
        "name": "music/game/one_more_day",
        "stream": true,
        "volume": 0.4
      },
      {
        "name": "music/game/nuance2",
        "stream": true
      },
      {
        "name": "music/game/hal1",
        "stream": true
      },
      {
        "name": "music/game/piano2",
        "stream": true
      }
    ]
  },
  "music.overworld.bamboo_jungle": {
    "replace": true,
    "sounds": [
      {
        "name": "music/game/bromeliad",
        "stream": true,
        "volume": 0.4,
        "weight": 2
      },
      {
        "name": "music/game/hal4",
        "stream": true
      },
      {
        "name": "music/game/piano1",
        "stream": true
      },
      {
        "name": "music/game/hal3",
        "stream": true
      },
      {
        "name": "music/game/nuance1",
        "stream": true
      },
      {
        "name": "music/game/left_to_bloom",
        "stream": true,
        "volume": 0.4
      },
      {
        "name": "music/game/hal2",
        "stream": true
      },
      {
        "name": "music/game/piano3",
        "stream": true
      },
      {
        "name": "music/game/nuance2",
        "stream": true
      },
      {
        "name": "music/game/hal1",
        "stream": true
      },
      {
        "name": "music/game/piano2",
        "stream": true
      }
    ]
  },
  "music.overworld.cherry_grove": {
    "replace": true,
    "sounds": [
      {
        "name": "music/game/bromeliad",
        "stream": true,
        "volume": 0.4,
        "weight": 3
      },
      {
        "name": "music/game/calm2",
        "stream": true
      },
      {
        "name": "music/game/echo_in_the_wind",
        "stream": true,
        "volume": 0.4,
        "weight": 3
      },
      {
        "name": "music/game/featherfall",
        "stream": true,
        "volume": 0.4,
        "weight": 3
      },
      {
        "name": "music/game/left_to_bloom",
        "stream": true,
        "volume": 0.4
      },
      {
        "name": "music/game/calm1",
        "stream": true
      },
      {
        "name": "music/game/calm3",
        "stream": true
      }
    ]
  },
  "music.overworld.deep_dark": {
    "replace": true,
    "sounds": [
      {
        "name": "music/game/ancestry",
        "stream": true
      },
      {
        "name": "music/game/deeper",
        "stream": true,
        "volume": 0.4
      },
      {
        "name": "music/game/custom/excuse",
        "stream": true
      }
    ]
  },
  "music.overworld.desert": {
    "replace": true,
    "sounds": [
      {
        "name": "music/game/crescent_dunes",
        "stream": true,
        "volume": 0.4,
        "weight": 3
      },
      {
        "name": "music/game/hal4",
        "stream": true
      },
      {
        "name": "music/game/hal3",
        "stream": true
      },
      {
        "name": "music/game/nuance1",
        "stream": true
      },
      {
        "name": "music/game/hal2",
        "stream": true
      },
      {
        "name": "music/game/one_more_day",
        "stream": true,
        "volume": 0.4
      },
      {
        "name": "music/game/nuance2",
        "stream": true
      },
      {
        "name": "music/game/hal1",
        "stream": true
      }
    ]
  },
  "music.overworld.dripstone_caves": {
    "replace": true,
    "sounds": [
      {
        "name": "music/game/an_ordinary_day",
        "stream": true
      },
      {
        "name": "music/game/hal4",
        "stream": true
      },
      {
        "name": "music/game/deeper",
        "stream": true,
        "volume": 0.4
      },
      {
        "name": "music/game/eld_unknown",
        "stream": true,
        "volume": 0.4,
        "weight": 2
      },
      {
        "name": "music/game/endless",
        "stream": true,
        "volume": 0.4,
        "weight": 2
      },
      {
        "name": "music/game/infinite_amethyst",
        "stream": true,
        "volume": 0.4
      },
      {
        "name": "music/game/nuance1",
        "stream": true
      },
      {
        "name": "music/game/nuance2",
        "stream": true
      },
      {
        "name": "music/game/pokopoko",
        "stream": true,
        "volume": 0.8,
        "weight": 2
      },
      {
        "name": "music/game/hal1",
        "stream": true
      },
      {
        "name": "music/game/wending",
        "stream": true,
        "volume": 0.4,
        "weight": 2
      }
    ]
  },
  "music.overworld.flower_forest": {
    "replace": true,
    "sounds": [
      {
        "name": "music/game/bromeliad",
        "stream": true,
        "volume": 0.4
      },
      {
        "name": "music/game/hal4",
        "stream": true
      },
      {
        "name": "music/game/echo_in_the_wind",
        "stream": true,
        "volume": 0.4
      },
      {
        "name": "music/game/featherfall",
        "stream": true,
        "volume": 0.4,
        "weight": 2
      },
      {
        "name": "music/game/hal3",
        "stream": true
      },
      {
        "name": "music/game/nuance1",
        "stream": true
      },
      {
        "name": "music/game/left_to_bloom",
        "stream": true,
        "volume": 0.4
      },
      {
        "name": "music/game/hal2",
        "stream": true
      },
      {
        "name": "music/game/nuance2",
        "stream": true
      },
      {
        "name": "music/game/hal1",
        "stream": true
      }
    ]
  },
  "music.overworld.forest": {
    "replace": true,
    "sounds": [
      {
        "name": "music/game/bromeliad",
        "stream": true,
        "volume": 0.4
      },
      {
        "name": "music/game/calm2",
        "stream": true
      },
      {
        "name": "music/game/comforting_memories",
        "stream": true,
        "volume": 0.4
      },
      {
        "name": "music/game/hal4",
        "stream": true
      },
      {
        "name": "music/game/piano1",
        "stream": true
      },
      {
        "name": "music/game/floating_dream",
        "stream": true,
        "volume": 0.4
      },
      {
        "name": "music/game/hal3",
        "stream": true
      },
      {
        "name": "music/game/nuance1",
        "stream": true
      },
      {
        "name": "music/game/left_to_bloom",
        "stream": true,
        "volume": 0.4
      },
      {
        "name": "music/game/hal2",
        "stream": true
      },
      {
        "name": "music/game/piano3",
        "stream": true
      },
      {
        "name": "music/game/calm1",
        "stream": true
      },
      {
        "name": "music/game/one_more_day",
        "stream": true,
        "volume": 0.4
      },
      {
        "name": "music/game/nuance2",
        "stream": true
      },
      {
        "name": "music/game/hal1",
        "stream": true
      },
      {
        "name": "music/game/swamp/aerie",
        "stream": true,
        "volume": 0.4
      },
      {
        "name": "music/game/swamp/firebugs",
        "stream": true,
        "volume": 0.4
      },
      {
        "name": "music/game/swamp/labyrinthine",
        "stream": true,
        "volume": 0.4
      },
      {
        "name": "music/game/calm3",
        "stream": true
      },
      {
        "name": "music/game/piano2",
        "stream": true
      }
    ]
  },
  "music.overworld.frozen_peaks": {
    "replace": true,
    "sounds": [
      {
        "name": "music/game/hal4",
        "stream": true
      },
      {
        "name": "music/game/piano1",
        "stream": true
      },
      {
        "name": "music/game/hal3",
        "stream": true
      },
      {
        "name": "music/game/hal2",
        "stream": true
      },
      {
        "name": "music/game/piano3",
        "stream": true
      },
      {
        "name": "music/game/stand_tall",
        "stream": true,
        "volume": 0.4,
        "weight": 2
      },
      {
        "name": "music/game/hal1",
        "stream": true
      },
      {
        "name": "music/game/piano2",
        "stream": true
      },

      {
        "name": "music/game/custom/flake",
        "stream": true,
        "weight": 3
      },
      {
        "name": "music/game/custom/kyoto",
        "stream": true,
        "weight": 3
      }
    ]
  },
  "music.overworld.grove": {
    "replace": true,
    "sounds": [
      {
        "name": "music/game/calm2",
        "stream": true
      },
      {
        "name": "music/game/comforting_memories",
        "stream": true,
        "volume": 0.4
      },
      {
        "name": "music/game/eld_unknown",
        "stream": true,
        "volume": 0.4
      },
      {
        "name": "music/game/endless",
        "stream": true,
        "volume": 0.4
      },
      {
        "name": "music/game/infinite_amethyst",
        "stream": true,
        "volume": 0.4
      },
      {
        "name": "music/game/nuance1",
        "stream": true
      },
      {
        "name": "music/game/piano3",
        "stream": true
      },
      {
        "name": "music/game/calm1",
        "stream": true
      },
      {
        "name": "music/game/nuance2",
        "stream": true
      },
      {
        "name": "music/game/pokopoko",
        "stream": true,
        "volume": 0.8
      },
      {
        "name": "music/game/calm3",
        "stream": true
      },
      {
        "name": "music/game/wending",
        "stream": true,
        "volume": 0.4
      },

      {
        "name": "music/game/custom/flake",
        "stream": true,
        "weight": 3
      },
      {
        "name": "music/game/custom/kyoto",
        "stream": true,
        "weight": 3
      }
    ]
  },
  "music.overworld.jagged_peaks": {
    "replace": true,
    "sounds": [
      {
        "name": "music/game/piano1",
        "stream": true
      },
      {
        "name": "music/game/eld_unknown",
        "stream": true,
        "volume": 0.4
      },
      {
        "name": "music/game/endless",
        "stream": true,
        "volume": 0.4
      },
      {
        "name": "music/game/floating_dream",
        "stream": true,
        "volume": 0.4
      },
      {
        "name": "music/game/nuance1",
        "stream": true
      },
      {
        "name": "music/game/hal2",
        "stream": true
      },
      {
        "name": "music/game/piano3",
        "stream": true
      },
      {
        "name": "music/game/nuance2",
        "stream": true
      },
      {
        "name": "music/game/pokopoko",
        "stream": true,
        "volume": 0.8
      },
      {
        "name": "music/game/stand_tall",
        "stream": true,
        "volume": 0.4
      },
      {
        "name": "music/game/hal1",
        "stream": true
      },
      {
        "name": "music/game/wending",
        "stream": true,
        "volume": 0.4
      },
      {
        "name": "music/game/piano2",
        "stream": true
      }
    ]
  },
  "music.overworld.jungle": {
    "replace": true,
    "sounds": [
      {
        "name": "music/game/bromeliad",
        "stream": true,
        "volume": 0.4,
        "weight": 3
      },
      {
        "name": "music/game/hal4",
        "stream": true
      },
      {
        "name": "music/game/piano1",
        "stream": true
      },
      {
        "name": "music/game/hal3",
        "stream": true
      },
      {
        "name": "music/game/nuance1",
        "stream": true
      },
      {
        "name": "music/game/left_to_bloom",
        "volume": 0.4
      },
      {
        "name": "music/game/hal2",
        "stream": true
      },
      {
        "name": "music/game/piano3",
        "stream": true
      },
      {
        "name": "music/game/nuance2",
        "stream": true
      },
      {
        "name": "music/game/hal1",
        "stream": true
      },
      {
        "name": "music/game/piano2",
        "stream": true
      }
    ]
  },
  "music.overworld.lush_caves": {
    "replace": true,
    "sounds": [
      {
        "name": "music/game/an_ordinary_day",
        "stream": true,
        "weight": 2
      },
      {
        "name": "music/game/calm2",
        "stream": true,
        "weight": 2
      },
      {
        "name": "music/game/echo_in_the_wind",
        "stream": true,
        "volume": 0.4,
        "weight": 2
      },
      {
        "name": "music/game/featherfall",
        "stream": true,
        "volume": 0.4,
        "weight": 2
      },
      {
        "name": "music/game/floating_dream",
        "stream": true,
        "weight": 2
      },
      {
        "name": "music/game/left_to_bloom",
        "stream": true,
        "volume": 0.4,
        "weight": 4
      },
      {
        "name": "music/game/piano3",
        "stream": true,
        "weight": 2
      },
      {
        "name": "music/game/calm1",
        "stream": true,
        "weight": 2
      },
      {
        "name": "music/game/one_more_day",
        "stream": true,
        "volume": 0.4,
        "weight": 2
      },
      {
        "name": "music/game/swamp/aerie",
        "stream": true,
        "volume": 0.4
      },
      {
        "name": "music/game/swamp/firebugs",
        "stream": true,
        "volume": 0.4
      },
      {
        "name": "music/game/swamp/labyrinthine",
        "stream": true,
        "volume": 0.4
      },
      {
        "name": "music/game/calm3",
        "stream": true,
        "weight": 2
      }
    ]
  },
  "music.overworld.meadow": {
    "replace": true,
    "sounds": [
      {
        "name": "music/game/hal4",
        "stream": true
      },
      {
        "name": "music/game/hal3",
        "stream": true
      },
      {
        "name": "music/game/left_to_bloom",
        "stream": true,
        "volume": 0.4
      },
      {
        "name": "music/game/hal2",
        "stream": true
      },
      {
        "name": "music/game/one_more_day",
        "stream": true,
        "volume": 0.4,
        "weight": 2
      },
      {
        "name": "music/game/hal1",
        "stream": true
      }
    ]
  },
  "music.overworld.old_growth_taiga": {
    "replace": true,
    "sounds": [
      {
        "name": "music/game/calm2",
        "stream": true,
        "weight": 3
      },
      {
        "name": "music/game/comforting_memories",
        "stream": true,
        "volume": 0.4,
        "weight": 3
      },
      {
        "name": "music/game/hal4",
        "stream": true,
        "weight": 3
      },
      {
        "name": "music/game/piano1",
        "stream": true,
        "weight": 3
      },
      {
        "name": "music/game/floating_dream",
        "stream": true,
        "volume": 0.4,
        "weight": 3
      },
      {
        "name": "music/game/hal3",
        "stream": true,
        "weight": 3
      },
      {
        "name": "music/game/nuance1",
        "stream": true,
        "weight": 3
      },
      {
        "name": "music/game/left_to_bloom",
        "stream": true,
        "volume": 0.4,
        "weight": 3
      },
      {
        "name": "music/game/hal2",
        "stream": true,
        "weight": 3
      },
      {
        "name": "music/game/piano3",
        "stream": true,
        "weight": 3
      },
      {
        "name": "music/game/calm1",
        "stream": true,
        "weight": 3
      },
      {
        "name": "music/game/one_more_day",
        "stream": true,
        "volume": 0.4,
        "weight": 3
      },
      {
        "name": "music/game/nuance2",
        "stream": true,
        "weight": 3
      },
      {
        "name": "music/game/hal1",
        "stream": true,
        "weight": 3
      },
      {
        "name": "music/game/swamp/aerie",
        "stream": true,
        "volume": 0.4
      },
      {
        "name": "music/game/swamp/firebugs",
        "stream": true,
        "volume": 0.4
      },
      {
        "name": "music/game/swamp/labyrinthine",
        "stream": true,
        "volume": 0.4
      },
      {
        "name": "music/game/calm3",
        "stream": true,
        "weight": 3
      },
      {
        "name": "music/game/piano2",
        "stream": true,
        "weight": 3
      }
    ]
  },
  "music.overworld.snowy_slopes": {
    "replace": true,
    "sounds": [
      {
        "name": "music/game/an_ordinary_day",
        "stream": true,
        "volume": 0.4
      },
      {
        "name": "music/game/hal3",
        "stream": true
      },
      {
        "name": "music/game/hal2",
        "stream": true
      },
      {
        "name": "music/game/one_more_day",
        "stream": true,
        "volume": 0.4
      },
      {
        "name": "music/game/pokopoko",
        "stream": true,
        "volume": 0.8
      },
      {
        "name": "music/game/stand_tall",
        "stream": true,
        "volume": 0.4
      },
      {
        "name": "music/game/hal1",
        "stream": true
      },

      {
        "name": "music/game/custom/flake",
        "stream": true,
        "weight": 3
      },
      {
        "name": "music/game/custom/kyoto",
        "stream": true,
        "weight": 3
      }
    ]
  },
  "music.overworld.sparse_jungle": {
    "replace": true,
    "sounds": [
      {
        "name": "music/game/bromeliad",
        "stream": true,
        "volume": 0.4,
        "weight": 2
      },
      {
        "name": "music/game/hal4",
        "stream": true
      },
      {
        "name": "music/game/piano1",
        "stream": true
      },
      {
        "name": "music/game/hal3",
        "stream": true
      },
      {
        "name": "music/game/nuance1",
        "stream": true
      },
      {
        "name": "music/game/left_to_bloom",
        "stream": true,
        "volume": 0.4
      },
      {
        "name": "music/game/hal2",
        "stream": true
      },
      {
        "name": "music/game/piano3",
        "stream": true
      },
      {
        "name": "music/game/nuance2",
        "stream": true
      },
      {
        "name": "music/game/hal1",
        "stream": true
      },
      {
        "name": "music/game/piano2",
        "stream": true
      }
    ]
  },
  "music.overworld.stony_peaks": {
    "replace": true,
    "sounds": [
      {
        "name": "music/game/hal4",
        "stream": true
      },
      {
        "name": "music/game/piano1",
        "stream": true
      },
      {
        "name": "music/game/eld_unknown",
        "volume": 0.4,
        "weight": 2
      },
      {
        "name": "music/game/endless",
        "stream": true,
        "volume": 0.4
      },
      {
        "name": "music/game/hal3",
        "stream": true
      },
      {
        "name": "music/game/hal2",
        "stream": true
      },
      {
        "name": "music/game/piano3",
        "stream": true
      },
      {
        "name": "music/game/stand_tall",
        "stream": true,
        "volume": 0.4,
        "weight": 2
      },
      {
        "name": "music/game/hal1",
        "stream": true
      },
      {
        "name": "music/game/wending",
        "stream": true,
        "volume": 0.4
      },
      {
        "name": "music/game/piano2",
        "stream": true
      }
    ]
  },
  "music.overworld.swamp": {
    "replace": true,
    "sounds": [
      {
        "name": "music/game/swamp/aerie",
        "stream": true,
        "volume": 0.4
      },
      {
        "name": "music/game/swamp/firebugs",
        "stream": true,
        "volume": 0.4
      },
      {
        "name": "music/game/swamp/labyrinthine",
        "stream": true,
        "volume": 0.4
      }
    ]
  },
  "music.under_water": {
    "replace": true,
    "sounds": [
      {
        "name": "music/game/water/axolotl",
        "stream": true,
        "volume": 0.4
      },
      {
        "name": "music/game/water/dragon_fish",
        "stream": true,
        "volume": 0.4
      },
      {
        "name": "music/game/water/shuniji",
        "stream": true,
        "volume": 0.4
      }
    ]
  }
}