{
	"credit": "Made with Blockbench",
	"render_type": "minecraft:cutout",
	"parent": "create_factory_logistics:item/jar_transforms",
	"textures": {
		"0": "create_factory_logistics:item/new_jar",
		"particle": "create_factory_logistics:item/new_jar"
	},
	"elements": [
		{
			"from": [4, 0, 4],
			"to": [12, 12, 12],
			"rotation": {"angle": 0, "axis": "y", "origin": [8, 6, 8]},
			"faces": {
				"north": {"uv": [0.5, 0.5, 4.5, 6.5], "texture": "#0"},
				"east": {"uv": [9, 0.5, 5, 6.5], "texture": "#0"},
				"south": {"uv": [9.5, 0.5, 13.5, 6.5], "texture": "#0"},
				"west": {"uv": [5, 0.5, 9, 6.5], "texture": "#0"},
				"up": {"uv": [0.5, 7, 4.5, 11], "texture": "#0"},
				"down": {"uv": [5, 7, 9, 11], "texture": "#0"}
			}
		},
		{
			"from": [6, 12, 6],
			"to": [10, 14, 10],
			"rotation": {"angle": 0, "axis": "y", "origin": [8, 6, 8]},
			"faces": {
				"north": {"uv": [12, 7, 14, 8], "texture": "#0"},
				"east": {"uv": [12, 7, 14, 8], "texture": "#0"},
				"south": {"uv": [12, 7, 14, 8], "texture": "#0"},
				"west": {"uv": [12, 7, 14, 8], "texture": "#0"},
				"up": {"uv": [12, 8.5, 14, 10.5], "texture": "#0"},
				"down": {"uv": [9.5, 8.5, 11.5, 10.5], "texture": "#0"}
			}
		},
		{
			"from": [4, 12, 6],
			"to": [4, 14, 10],
			"rotation": {"angle": 0, "axis": "y", "origin": [8, 6, 8]},
			"faces": {
				"north": {"uv": [9.5, 7, 11.5, 8], "texture": "#0"},
				"east": {"uv": [9.5, 7, 11.5, 8], "texture": "#0"},
				"south": {"uv": [9.5, 7, 11.5, 8], "texture": "#0"},
				"west": {"uv": [9.5, 7, 11.5, 8], "texture": "#0"},
				"up": {"uv": [9.5, 7, 11.5, 8], "texture": "#0"},
				"down": {"uv": [9.5, 7, 11.5, 8], "texture": "#0"}
			}
		},
		{
			"from": [12, 12, 6],
			"to": [12, 14, 10],
			"rotation": {"angle": 0, "axis": "y", "origin": [8, 6, 8]},
			"faces": {
				"north": {"uv": [9.5, 7, 11.5, 8], "texture": "#0"},
				"east": {"uv": [9.5, 7, 11.5, 8], "texture": "#0"},
				"south": {"uv": [9.5, 7, 11.5, 8], "texture": "#0"},
				"west": {"uv": [9.5, 7, 11.5, 8], "texture": "#0"},
				"up": {"uv": [9.5, 7, 11.5, 8], "texture": "#0"},
				"down": {"uv": [9.5, 7, 11.5, 8], "texture": "#0"}
			}
		},
		{
			"name": "cube inverted",
			"from": [12, 12, 12],
			"to": [4, 0, 4],
			"rotation": {"angle": 0, "axis": "y", "origin": [8, 6, 8]},
			"faces": {
				"north": {"uv": [9.5, 6.5, 13.5, 0.5], "texture": "#0"},
				"east": {"uv": [9.5, 6.5, 13.5, 0.5], "texture": "#0"},
				"south": {"uv": [9.5, 6.5, 13.5, 0.5], "texture": "#0"},
				"west": {"uv": [13.5, 6.5, 9.5, 0.5], "texture": "#0"},
				"up": {"uv": [9, 7, 5, 11], "texture": "#0"},
				"down": {"uv": [4.5, 7, 0.5, 11], "texture": "#0"}
			}
		}
	],
	"display": {
		"thirdperson_righthand": {
			"rotation": [67, 0, 0],
			"translation": [0, -2.25, -2],
			"scale": [0.4, 0.4, 0.4]
		},
		"thirdperson_lefthand": {
			"rotation": [67, 0, 0],
			"translation": [0, -2.25, -2],
			"scale": [0.4, 0.4, 0.4]
		},
		"head": {
			"translation": [0, 14.25, 0]
		},
		"firstperson_righthand": {
			"translation": [-0.75, 3, 0.5],
			"scale": [0.59, 0.59, 0.59]
		},
		"firstperson_lefthand": {
			"translation": [-0.75, 3, 0.5],
			"scale": [0.59, 0.59, 0.59]
		},
		"ground": {
			"translation": [0, 5.5, 0]
		}
	},
	"groups": [
		{
			"name": "jar",
			"origin": [8, 8, 8],
			"color": 0,
			"children": [0, 1, 2, 3, 4]
		}
	]
}