{
	"credit": "Made with Blockbench",
	"render_type": "minecraft:cutout",
	"parent": "create_factory_logistics:item/jar_transforms",
	"textures": {
		"0": "create_factory_logistics:item/new_big_jar",
		"particle": "create_factory_logistics:item/new_big_jar"
	},
	"elements": [
		{
			"name": "hook_2",
			"from": [2, 14.5, 8],
			"to": [5, 19.5, 8],
			"rotation": {"angle": 0, "axis": "y", "origin": [-1, 17.5, 7]},
			"faces": {
				"north": {"uv": [3, 12.5, 4.5, 15], "texture": "#0"},
				"east": {"uv": [4.5, 12.5, 3, 15], "texture": "#0"},
				"south": {"uv": [4.5, 12.5, 3, 15], "texture": "#0"},
				"west": {"uv": [4.5, 12.5, 3, 15], "texture": "#0"},
				"up": {"uv": [4.5, 12.5, 3, 15], "texture": "#0"},
				"down": {"uv": [4.5, 12.5, 3, 15], "texture": "#0"}
			}
		},
		{
			"name": "hook_1",
			"from": [11, 14.5, 8],
			"to": [14, 19.5, 8],
			"rotation": {"angle": 0, "axis": "y", "origin": [8, 17.5, 7]},
			"faces": {
				"north": {"uv": [4.5, 12.5, 3, 15], "texture": "#0"},
				"east": {"uv": [3, 12.5, 4.5, 15], "texture": "#0"},
				"south": {"uv": [3, 12.5, 4.5, 15], "texture": "#0"},
				"west": {"uv": [3, 12.5, 4.5, 15], "texture": "#0"},
				"up": {"uv": [3, 12.5, 4.5, 15], "texture": "#0"},
				"down": {"uv": [3, 12.5, 4.5, 15], "texture": "#0"}
			}
		},
		{
			"name": "hook",
			"from": [8, 19.5, 6],
			"to": [8, 23.5, 10],
			"rotation": {"angle": 0, "axis": "y", "origin": [8, 17.5, 6]},
			"faces": {
				"north": {"uv": [0.5, 13, 2.5, 14.5], "texture": "#0"},
				"east": {"uv": [2.5, 13, 0.5, 15], "texture": "#0"},
				"south": {"uv": [0.5, 13, 2.5, 14.5], "texture": "#0"},
				"west": {"uv": [0.5, 13, 2.5, 15], "texture": "#0"},
				"up": {"uv": [0.5, 13, 2.5, 14.5], "texture": "#0"},
				"down": {"uv": [0.5, 13, 2.5, 14.5], "texture": "#0"}
			}
		},
		{
			"name": "hook_base",
			"from": [3, 17.5, 6],
			"to": [13, 19.5, 10],
			"rotation": {"angle": 0, "axis": "y", "origin": [7, 17.5, 7]},
			"faces": {
				"north": {"uv": [5.5, 13, 10.5, 14], "texture": "#0"},
				"east": {"uv": [11, 7.5, 13, 8.5], "texture": "#0"},
				"south": {"uv": [5.5, 13, 10.5, 14], "texture": "#0"},
				"west": {"uv": [11, 7.5, 13, 8.5], "texture": "#0"},
				"up": {"uv": [11, 7.5, 13, 12.5], "rotation": 90, "texture": "#0"},
				"down": {"uv": [13.5, 7.5, 15.5, 12.5], "rotation": 90, "texture": "#0"}
			}
		}
	],
	"groups": [
		{
			"name": "hook",
			"origin": [-6, 15, 7],
			"color": 0,
			"children": [0, 1, 2, 3]
		}
	]
}