{
	"credit": "Made with Blockbench",
	"render_type": "minecraft:cutout",
	"parent": "create_factory_logistics:item/jar_transforms",
	"textures": {
		"0": "create_factory_logistics:item/new_jar",
		"particle": "create_factory_logistics:item/new_jar"
	},
	"elements": [
		{
			"name": "hook_2",
			"from": [3, 12, 8],
			"to": [6, 17, 8],
			"rotation": {"angle": 0, "axis": "y", "origin": [0, 15, 7]},
			"faces": {
				"north": {"uv": [3, 11.5, 4.5, 14], "texture": "#0"},
				"east": {"uv": [3, 11.5, 4.5, 14], "texture": "#0"},
				"south": {"uv": [4.5, 11.5, 3, 14], "texture": "#0"},
				"west": {"uv": [3, 11.5, 4.5, 14], "texture": "#0"},
				"up": {"uv": [3, 11.5, 4.5, 14], "texture": "#0"},
				"down": {"uv": [3, 11.5, 4.5, 14], "texture": "#0"}
			}
		},
		{
			"name": "hook_1",
			"from": [10, 12, 8],
			"to": [13, 17, 8],
			"rotation": {"angle": 0, "axis": "y", "origin": [7, 15, 7]},
			"faces": {
				"north": {"uv": [4.5, 11.5, 3, 14], "texture": "#0"},
				"east": {"uv": [3, 11.5, 4.5, 14], "texture": "#0"},
				"south": {"uv": [3, 11.5, 4.5, 14], "texture": "#0"},
				"west": {"uv": [3, 11.5, 4.5, 14], "texture": "#0"},
				"up": {"uv": [3, 11.5, 4.5, 14], "texture": "#0"},
				"down": {"uv": [3, 11.5, 4.5, 14], "texture": "#0"}
			}
		},
		{
			"name": "hook",
			"from": [8, 17, 6],
			"to": [8, 21, 10],
			"rotation": {"angle": 0, "axis": "y", "origin": [8, 13, 6]},
			"faces": {
				"north": {"uv": [0.5, 11.5, 2.5, 13], "texture": "#0"},
				"east": {"uv": [2.5, 11.5, 0.5, 13], "texture": "#0"},
				"south": {"uv": [0.5, 11.5, 2.5, 13], "texture": "#0"},
				"west": {"uv": [0.5, 11.5, 2.5, 13.5], "texture": "#0"},
				"up": {"uv": [0.5, 11.5, 2.5, 13], "texture": "#0"},
				"down": {"uv": [0.5, 11.5, 2.5, 13], "texture": "#0"}
			}
		},
		{
			"name": "hook_base",
			"from": [4, 15, 6],
			"to": [12, 17, 10],
			"rotation": {"angle": 0, "axis": "y", "origin": [7, 15, 7]},
			"faces": {
				"north": {"uv": [10, 11.5, 14, 12.5], "texture": "#0"},
				"east": {"uv": [7.5, 11.5, 9.5, 12.5], "texture": "#0"},
				"south": {"uv": [10, 11.5, 14, 12.5], "texture": "#0"},
				"west": {"uv": [7.5, 11.5, 9.5, 12.5], "texture": "#0"},
				"up": {"uv": [5, 11.5, 7, 15.5], "rotation": 90, "texture": "#0"},
				"down": {"uv": [7.5, 11.5, 9.5, 15.5], "rotation": 90, "texture": "#0"}
			}
		}
	],
	"groups": [
		{
			"name": "hook",
			"origin": [-6, 15, 7],
			"color": 0,
			"children": [0, 1, 2, 3]
		}
	]
}