{
	"credit": "Made with Blockbench",
	"parent": "create_factory_logistics:item/jar_transforms",
	"render_type": "minecraft:cutout",
	"textures": {
		"0": "create_factory_logistics:item/new_big_jar",
		"particle": "create_factory_logistics:item/new_big_jar"
	},
	"elements": [
		{
			"from": [3, 0, 3],
			"to": [13, 14, 13],
			"rotation": {"angle": 0, "axis": "y", "origin": [8, 6, 8]},
			"faces": {
				"north": {"uv": [0, 0, 5, 7], "texture": "#0"},
				"east": {"uv": [10.5, 0, 5.5, 7], "texture": "#0"},
				"south": {"uv": [11, 0, 16, 7], "texture": "#0"},
				"west": {"uv": [5.5, 0, 10.5, 7], "texture": "#0"},
				"up": {"uv": [0, 7.5, 5, 12.5], "texture": "#0"},
				"down": {"uv": [5.5, 7.5, 10.5, 12.5], "texture": "#0"}
			}
		},
		{
			"from": [3, 14, 5],
			"to": [3, 16, 11],
			"rotation": {"angle": 0, "axis": "y", "origin": [7, 8, 8]},
			"faces": {
				"north": {"uv": [5, 14.5, 8, 15.5], "texture": "#0"},
				"east": {"uv": [5, 14.5, 8, 15.5], "texture": "#0"},
				"south": {"uv": [5, 14.5, 8, 15.5], "texture": "#0"},
				"west": {"uv": [5, 14.5, 8, 15.5], "texture": "#0"},
				"up": {"uv": [5, 14.5, 8, 15.5], "texture": "#0"},
				"down": {"uv": [5, 14.5, 8, 15.5], "texture": "#0"}
			}
		},
		{
			"from": [13, 14, 5],
			"to": [13, 16, 11],
			"rotation": {"angle": 0, "axis": "y", "origin": [9, 8, 8]},
			"faces": {
				"north": {"uv": [5, 14.5, 8, 15.5], "texture": "#0"},
				"east": {"uv": [5, 14.5, 8, 15.5], "texture": "#0"},
				"south": {"uv": [5, 14.5, 8, 15.5], "texture": "#0"},
				"west": {"uv": [5, 14.5, 8, 15.5], "texture": "#0"},
				"up": {"uv": [5, 14.5, 8, 15.5], "texture": "#0"},
				"down": {"uv": [5, 14.5, 8, 15.5], "texture": "#0"}
			}
		},
		{
			"from": [5, 14, 5],
			"to": [11, 16, 11],
			"rotation": {"angle": 0, "axis": "y", "origin": [7, 14, 7]},
			"faces": {
				"north": {"uv": [8.5, 14.5, 11.5, 15.5], "texture": "#0"},
				"east": {"uv": [8.5, 14.5, 11.5, 15.5], "texture": "#0"},
				"south": {"uv": [8.5, 14.5, 11.5, 15.5], "texture": "#0"},
				"west": {"uv": [8.5, 14.5, 11.5, 15.5], "texture": "#0"},
				"up": {"uv": [12, 13, 15, 16], "texture": "#0"},
				"down": {"uv": [15.5, 13, 16, 14], "texture": "#0"}
			}
		},
		{
			"name": "cube inverted",
			"from": [13, 14, 13],
			"to": [3, 0, 3],
			"rotation": {"angle": 0, "axis": "y", "origin": [8, 6, 8]},
			"faces": {
				"north": {"uv": [11, 7, 16, 0], "texture": "#0"},
				"east": {"uv": [11, 7, 16, 0], "texture": "#0"},
				"south": {"uv": [11, 7, 16, 0], "texture": "#0"},
				"west": {"uv": [16, 7, 11, 0], "texture": "#0"},
				"up": {"uv": [10.5, 7.5, 5.5, 12.5], "texture": "#0"},
				"down": {"uv": [5, 7.5, 0, 12.5], "texture": "#0"}
			}
		}
	],
	"display": {
		"thirdperson_righthand": {
			"rotation": [67, 0, 0],
			"translation": [0, -2.25, -2],
			"scale": [0.4, 0.4, 0.4]
		},
		"thirdperson_lefthand": {
			"rotation": [67, 0, 0],
			"translation": [0, -2.25, -2],
			"scale": [0.4, 0.4, 0.4]
		},
		"firstperson_righthand": {
			"translation": [-0.75, 3, 0.5],
			"scale": [0.59, 0.59, 0.59]
		},
		"firstperson_lefthand": {
			"translation": [-0.75, 3, 0.5],
			"scale": [0.59, 0.59, 0.59]
		},
		"ground": {
			"translation": [0, 5.5, 0]
		},
		"head": {
			"translation": [0, 14.25, 0]
		}
	},
	"groups": [
		{
			"name": "jar",
			"origin": [8, 8, 8],
			"color": 0,
			"children": [0, 1, 2, 3, 4]
		}
	]
}