{
	"credit": "Made with Blockbench",
	"parent": "create_factory_logistics:item/jar_transforms",
	"render_type": "minecraft:cutout",
	"textures": {
		"0": "create_factory_logistics:item/new_big_jar",
		"particle": "create_factory_logistics:item/new_big_jar"
	},
	"elements": [
		{
			"name": "hook_2",
			"from": [8, 15.5, 3.5],
			"to": [8, 20.5, 6.5],
			"rotation": {"angle": 0, "axis": "y", "origin": [0, 17.5, 0.5]},
			"faces": {
				"north": {"uv": [4.5, 12.5, 3, 15], "texture": "#0"},
				"east": {"uv": [3, 12.5, 4.5, 15], "texture": "#0"},
				"south": {"uv": [4.5, 12.5, 3, 15], "texture": "#0"},
				"west": {"uv": [4.5, 12.5, 3, 15], "texture": "#0"},
				"up": {"uv": [4.5, 12.5, 3, 15], "rotation": 90, "texture": "#0"},
				"down": {"uv": [4.5, 12.5, 3, 15], "rotation": 270, "texture": "#0"}
			}
		},
		{
			"name": "hook_1",
			"from": [8, 15.5, 12.5],
			"to": [8, 20.5, 15.5],
			"rotation": {"angle": 0, "axis": "y", "origin": [0, 17.5, 9.5]},
			"faces": {
				"north": {"uv": [3, 12.5, 4.5, 15], "texture": "#0"},
				"east": {"uv": [4.5, 12.5, 3, 15], "texture": "#0"},
				"south": {"uv": [3, 12.5, 4.5, 15], "texture": "#0"},
				"west": {"uv": [3, 12.5, 4.5, 15], "texture": "#0"},
				"up": {"uv": [3, 12.5, 4.5, 15], "rotation": 90, "texture": "#0"},
				"down": {"uv": [3, 12.5, 4.5, 15], "rotation": 270, "texture": "#0"}
			}
		},
		{
			"name": "hook_base",
			"from": [6, 18.5, 4.5],
			"to": [10, 20.5, 14.5],
			"rotation": {"angle": 0, "axis": "y", "origin": [0, 17.5, 8.5]},
			"faces": {
				"north": {"uv": [11, 7.5, 13, 8.5], "texture": "#0"},
				"east": {"uv": [5.5, 13, 10.5, 14], "texture": "#0"},
				"south": {"uv": [11, 7.5, 13, 8.5], "texture": "#0"},
				"west": {"uv": [5.5, 13, 10.5, 14], "texture": "#0"},
				"up": {"uv": [11, 7.5, 13, 12.5], "rotation": 180, "texture": "#0"},
				"down": {"uv": [13.5, 7.5, 15.5, 12.5], "texture": "#0"}
			}
		},
		{
			"name": "hook",
			"from": [8, 20.5, 6],
			"to": [8, 24.5, 10],
			"rotation": {"angle": 0, "axis": "y", "origin": [8, 18.5, 6]},
			"faces": {
				"north": {"uv": [0.5, 13, 2.5, 14.5], "texture": "#0"},
				"east": {"uv": [2.5, 13, 0.5, 15], "texture": "#0"},
				"south": {"uv": [0.5, 13, 2.5, 14.5], "texture": "#0"},
				"west": {"uv": [0.5, 13, 2.5, 15], "texture": "#0"},
				"up": {"uv": [0.5, 13, 2.5, 14.5], "texture": "#0"},
				"down": {"uv": [0.5, 13, 2.5, 14.5], "texture": "#0"}
			}
		}
	],
	"groups": [
		{
			"name": "hook",
			"origin": [-6, 15, 7],
			"color": 0,
			"children": [0, 1, 2]
		},
		3
	]
}