{
	"credit": "Made with Blockbench",
	"parent": "create_factory_logistics:item/jar_transforms",
	"render_type": "minecraft:cutout",
	"textures": {
		"0": "create_factory_logistics:item/new_jar",
		"particle": "create_factory_logistics:item/new_jar"
	},
	"elements": [
		{
			"name": "hook_2",
			"from": [8, 12, 10],
			"to": [8, 16.5, 13],
			"rotation": {"angle": 0, "axis": "y", "origin": [7, 16.6, 9]},
			"faces": {
				"north": {"uv": [3, 11.5, 4.5, 14], "texture": "#0"},
				"east": {"uv": [4.5, 11.5, 3, 14], "texture": "#0"},
				"south": {"uv": [3, 11.5, 4.5, 14], "texture": "#0"},
				"west": {"uv": [3, 11.5, 4.5, 14], "texture": "#0"},
				"up": {"uv": [3, 11.5, 4.5, 14], "rotation": 270, "texture": "#0"},
				"down": {"uv": [3, 11.5, 4.5, 14], "rotation": 90, "texture": "#0"}
			}
		},
		{
			"name": "hook_1",
			"from": [8, 12, 3],
			"to": [8, 16.5, 6],
			"rotation": {"angle": 0, "axis": "y", "origin": [7, 16.6, 9]},
			"faces": {
				"north": {"uv": [3, 11.5, 4.5, 14], "texture": "#0"},
				"east": {"uv": [3, 11.5, 4.5, 14], "texture": "#0"},
				"south": {"uv": [3, 11.5, 4.5, 14], "texture": "#0"},
				"west": {"uv": [4.5, 11.5, 3, 14], "texture": "#0"},
				"up": {"uv": [3, 11.5, 4.5, 14], "rotation": 270, "texture": "#0"},
				"down": {"uv": [3, 11.5, 4.5, 14], "rotation": 90, "texture": "#0"}
			}
		},
		{
			"name": "hook_base",
			"from": [6, 14.6, 4],
			"to": [10, 16.6, 12],
			"rotation": {"angle": 0, "axis": "y", "origin": [7, 15.6, 9]},
			"faces": {
				"north": {"uv": [7.5, 11.5, 9.5, 12.5], "texture": "#0"},
				"east": {"uv": [10, 11.5, 14, 12.5], "texture": "#0"},
				"south": {"uv": [7.5, 11.5, 9.5, 12.5], "texture": "#0"},
				"west": {"uv": [10, 11.5, 14, 12.5], "texture": "#0"},
				"up": {"uv": [5, 11.5, 7, 15.5], "texture": "#0"},
				"down": {"uv": [7.5, 11.5, 9.5, 15.5], "rotation": 180, "texture": "#0"}
			}
		},
		{
			"name": "hook",
			"from": [8, 16, 6],
			"to": [8, 21, 10],
			"rotation": {"angle": 0, "axis": "y", "origin": [8, 12, 6]},
			"faces": {
				"north": {"uv": [0.5, 11.5, 2.5, 13], "texture": "#0"},
				"east": {"uv": [2.5, 11.5, 0.5, 14], "texture": "#0"},
				"south": {"uv": [0.5, 11.5, 2.5, 13], "texture": "#0"},
				"west": {"uv": [0.5, 11.5, 2.5, 14], "texture": "#0"},
				"up": {"uv": [0.5, 11.5, 2.5, 13], "texture": "#0"},
				"down": {"uv": [0.5, 11.5, 2.5, 13], "texture": "#0"}
			}
		}
	],
	"groups": [
		{
			"name": "hook",
			"origin": [-6, 15, 7],
			"color": 0,
			"children": [0, 1, 2]
		},
		3
	]
}