{
	"credit": "Made with Blockbench",
	"render_type": "cutout",
	"textures": {
		"0": "create_factory_logistics:block/bottler",
		"particle": "create_factory_logistics:block/bottler"
	},
	"elements": [
		{
			"name": "outer",
			"from": [4.8, 8, 4.05],
			"to": [11.2, 11, 12.15],
			"rotation": {"angle": 0, "axis": "y", "origin": [8, 8, 8.25]},
			"faces": {
				"north": {"uv": [10.5, 12.5, 12, 13.25], "texture": "#0"},
				"east": {"uv": [10.25, 13.5, 8.25, 14.25], "texture": "#0"},
				"south": {"uv": [10.5, 13.5, 12, 14.25], "texture": "#0"},
				"west": {"uv": [8.25, 13.5, 10.25, 14.25], "texture": "#0"},
				"up": {"uv": [10.25, 14.5, 8.25, 16], "rotation": 270, "texture": "#0"},
				"down": {"uv": [8.25, 14.5, 10.25, 16], "rotation": 270, "texture": "#0"}
			}
		},
		{
			"name": "outer inverted",
			"from": [11.2, 11, 12.15],
			"to": [4.8, 8, 4.05],
			"rotation": {"angle": 0, "axis": "y", "origin": [8, 8, 8.25]},
			"faces": {
				"north": {"uv": [10.5, 14.25, 12, 13.5], "texture": "#0"},
				"east": {"uv": [8.25, 14.25, 10.25, 13.5], "texture": "#0"},
				"south": {"uv": [10.5, 13.25, 12, 12.5], "texture": "#0"},
				"west": {"uv": [10.25, 14.25, 8.25, 13.5], "texture": "#0"},
				"up": {"uv": [8.25, 16, 10.25, 14.5], "rotation": 270, "texture": "#0"},
				"down": {"uv": [10.25, 16, 8.25, 14.5], "rotation": 270, "texture": "#0"}
			}
		}
	],
	"groups": [
		{
			"name": "sled",
			"origin": [8, 8, 8],
			"color": 0,
			"children": [0, 1]
		}
	]
}